"Num","Name","Qty","Amount"
"Inventory",,,
"62337 (Fika one glass 2pc Rectangular 1300ml (44oz)  - Ivory)",,,
"TJX10002664","TJX - TJ Maxx:TJX-TJ Maxx-10",644,4578.84
"TJX40002664","TJX - TJ Maxx:TJX-TJ Maxx-40",796,5659.56
"TJX60002664","TJX - TJ Maxx:TJX-TJ Maxx-60",360,2559.60
"TJX80002664","TJX - TJ Maxx:TJX-TJ Maxx-80",1112,7906.32
"MAR01002662","TJX - Marshalls:TJX-Marshalls-01",524,3725.64
"MAR04002662","TJX - Marshalls:TJX-Marshalls-04",256,1820.16
"MAR06002662","TJX - Marshalls:TJX-Marshalls-06",440,3128.40
"MAR07002662","TJX - Marshalls:TJX-Marshalls-07",120,853.20
"MAR08002662","TJX - Marshalls:TJX-Marshalls-08",1048,7451.28
"TJX10002669","TJX - TJ Maxx:TJX-TJ Maxx-10",864,6143.04
"TJX40002669","TJX - TJ Maxx:TJX-TJ Maxx-40",1044,7422.84
"TJX60002669","TJX - TJ Maxx:TJX-TJ Maxx-60",988,7024.68
"TJX70002669","TJX - TJ Maxx:TJX-TJ Maxx-70",1328,9442.08
"TJX80002669","TJX - TJ Maxx:TJX-TJ Maxx-80",1076,7650.36
"Total 62337 (Fika one glass 2pc Rectangular 1300ml (44oz)  - Ivory)",,10600,75366.00
"62338 (Fika one glass 2pc Rectangular 1600ml (54oz)  - Ivory)",,,
"TJX10002664","TJX - TJ Maxx:TJX-TJ Maxx-10",384,3091.20
"TJX40002664","TJX - TJ Maxx:TJX-TJ Maxx-40",480,3864.00
"TJX60002664","TJX - TJ Maxx:TJX-TJ Maxx-60",216,1738.80
"TJX80002664","TJX - TJ Maxx:TJX-TJ Maxx-80",668,5377.40
"MAR01002662","TJX - Marshalls:TJX-Marshalls-01",352,2833.60
"MAR04002662","TJX - Marshalls:TJX-Marshalls-04",152,1223.60
"MAR06002662","TJX - Marshalls:TJX-Marshalls-06",300,2415.00
"MAR08002662","TJX - Marshalls:TJX-Marshalls-08",628,5055.40
"TJX10002669","TJX - TJ Maxx:TJX-TJ Maxx-10",520,4186.00
"TJX40002669","TJX - TJ Maxx:TJX-TJ Maxx-40",624,5023.20
"TJX60002669","TJX - TJ Maxx:TJX-TJ Maxx-60",592,4765.60
"TJX70002669","TJX - TJ Maxx:TJX-TJ Maxx-70",796,6407.80
"TJX80002669","TJX - TJ Maxx:TJX-TJ Maxx-80",648,5216.40
"Total 62338 (Fika one glass 2pc Rectangular 1600ml (54oz)  - Ivory)",,6360,51198.00
"66801 (Wavy Glass 11oz Square Food Storage, Dark Green - Vent)",,,
"JCS655681","JC Sales",1368,1463.76
"Total 66801 (Wavy Glass 11oz Square Food Storage, Dark Green - Vent)",,1368,1463.76
"66802 (Wavy Glass 17oz Square Food Storage, Dark Green - Vent)",,,
"JCS655681","JC Sales",2304,3018.24
"Total 66802 (Wavy Glass 17oz Square Food Storage, Dark Green - Vent)",,2304,3018.24
"66803 (Wavy Glass 27oz Square Food Storage, Dark Green - Vent)",,,
"JCS655681","JC Sales",3456,6117.12
"Total 66803 (Wavy Glass 27oz Square Food Storage, Dark Green - Vent)",,3456,6117.12
"66804 (Wavy Glass 12oz Rectangle Food Storage, Dark Green - Vent)",,,
"JCS655681","JC Sales",1368,1627.92
"Total 66804 (Wavy Glass 12oz Rectangle Food Storage, Dark Green - Vent)",,1368,1627.92
"66805 (Wavy Glass 21oz Rectangle Food Storage, Dark Green - Vent)",,,
"JCS655681","JC Sales",3456,5425.92
"Total 66805 (Wavy Glass 21oz Rectangle Food Storage, Dark Green - Vent)",,3456,5425.92
"66806 (Wavy Glass 34oz Rectangle Food Storage, Dark Green - Vent)",,,
"JCS655681","JC Sales",2880,6019.20
"Total 66806 (Wavy Glass 34oz Rectangle Food Storage, Dark Green - Vent)",,2880,6019.20
"66807 (Wavy Glass 51oz Rectangle Food Storage, Dark Green - Vent)",,,
"JCS655681","JC Sales",2304,6197.76
"Total 66807 (Wavy Glass 51oz Rectangle Food Storage, Dark Green - Vent)",,2304,6197.76
"66888 (Wavy Glass 11 oz Square Food Storage 3P sets Ivory)",,,
"MAR01033820","TJX - Marshalls:TJX-Marshalls-01",392,1399.44
"MAR04033820","TJX - Marshalls:TJX-Marshalls-04",260,928.20
"MAR06033820","TJX - Marshalls:TJX-Marshalls-06",300,1071.00
"MAR07033820","TJX - Marshalls:TJX-Marshalls-07",304,1085.28
"MAR08033820","TJX - Marshalls:TJX-Marshalls-08",384,1370.88
"TJX10033860","TJX - TJ Maxx:TJX-TJ Maxx-10",320,1142.40
"TJX40033860","TJX - TJ Maxx:TJX-TJ Maxx-40",372,1328.04
"TJX60033860","TJX - TJ Maxx:TJX-TJ Maxx-60",392,1399.44
"TJX70033860","TJX - TJ Maxx:TJX-TJ Maxx-70",540,1927.80
"TJX80033860","TJX - TJ Maxx:TJX-TJ Maxx-80",376,1342.32
"Total 66888 (Wavy Glass 11 oz Square Food Storage 3P sets Ivory)",,3640,12994.80
"66889 (Wavy Glass 17 oz Square Food Storage 3P sets Ivory)",,,
"MAR01033810","TJX - Marshalls:TJX-Marshalls-01",92,394.68
"MAR04033810","TJX - Marshalls:TJX-Marshalls-04",96,411.84
"MAR06033810","TJX - Marshalls:TJX-Marshalls-06",112,480.48
"MAR07033810","TJX - Marshalls:TJX-Marshalls-07",108,463.32
"MAR08033810","TJX - Marshalls:TJX-Marshalls-08",140,600.60
"TJX10033853","TJX - TJ Maxx:TJX-TJ Maxx-10",104,446.16
"TJX40033853","TJX - TJ Maxx:TJX-TJ Maxx-40",124,531.96
"TJX60033853","TJX - TJ Maxx:TJX-TJ Maxx-60",132,566.28
"TJX70033853","TJX - TJ Maxx:TJX-TJ Maxx-70",180,772.20
"TJX80033853","TJX - TJ Maxx:TJX-TJ Maxx-80",124,531.96
"Total 66889 (Wavy Glass 17 oz Square Food Storage 3P sets Ivory)",,1212,5199.48
"66892 (Wavy Glass 21 oz Rectangular Food Storage 3P sets Ivory)",,,
"MAR01033820","TJX - Marshalls:TJX-Marshalls-01",260,1307.80
"MAR04033820","TJX - Marshalls:TJX-Marshalls-04",176,885.28
"MAR06033820","TJX - Marshalls:TJX-Marshalls-06",200,1006.00
"MAR07033820","TJX - Marshalls:TJX-Marshalls-07",204,1026.12
"MAR08033820","TJX - Marshalls:TJX-Marshalls-08",256,1287.68
"TJX10033860","TJX - TJ Maxx:TJX-TJ Maxx-10",212,1066.36
"TJX40033860","TJX - TJ Maxx:TJX-TJ Maxx-40",248,1247.44
"TJX60033860","TJX - TJ Maxx:TJX-TJ Maxx-60",264,1327.92
"TJX70033860","TJX - TJ Maxx:TJX-TJ Maxx-70",360,1810.80
"TJX80033860","TJX - TJ Maxx:TJX-TJ Maxx-80",248,1247.44
"Total 66892 (Wavy Glass 21 oz Rectangular Food Storage 3P sets Ivory)",,2428,12212.84
"66900 (Wavy Glass 34 oz Rectangular Food Storage 2P sets - Sage)",,,
"MAR01002663","TJX - Marshalls:TJX-Marshalls-01",620,2449.00
"MAR04002663","TJX - Marshalls:TJX-Marshalls-04",416,1643.20
"MAR06002663","TJX - Marshalls:TJX-Marshalls-06",500,1975.00
"MAR07002663","TJX - Marshalls:TJX-Marshalls-07",160,632.00
"MAR08002663","TJX - Marshalls:TJX-Marshalls-08",692,2733.40
"TJX10002664","TJX - TJ Maxx:TJX-TJ Maxx-10",644,2543.80
"TJX40002664","TJX - TJ Maxx:TJX-TJ Maxx-40",796,3144.20
"TJX60002664","TJX - TJ Maxx:TJX-TJ Maxx-60",360,1422.00
"TJX80002664","TJX - TJ Maxx:TJX-TJ Maxx-80",1112,4392.40
"MAR01002662","TJX - Marshalls:TJX-Marshalls-01",524,2069.80
"MAR04002662","TJX - Marshalls:TJX-Marshalls-04",252,995.40
"MAR06002662","TJX - Marshalls:TJX-Marshalls-06",444,1753.80
"MAR07002662","TJX - Marshalls:TJX-Marshalls-07",120,474.00
"MAR08002662","TJX - Marshalls:TJX-Marshalls-08",1048,4139.60
"TJX10002669","TJX - TJ Maxx:TJX-TJ Maxx-10",472,1864.40
"TJX40002669","TJX - TJ Maxx:TJX-TJ Maxx-40",572,2259.40
"TJX60002669","TJX - TJ Maxx:TJX-TJ Maxx-60",544,2148.80
"TJX70002669","TJX - TJ Maxx:TJX-TJ Maxx-70",732,2891.40
"TJX80002669","TJX - TJ Maxx:TJX-TJ Maxx-80",592,2338.40
"Total 66900 (Wavy Glass 34 oz Rectangular Food Storage 2P sets - Sage)",,10600,41870.00
"66901 (Comodo Glass 11oz Square Food Storage, White-Glass Lid)",,,
"JCS655681","JC Sales",1368,2038.32
"Total 66901 (Comodo Glass 11oz Square Food Storage, White-Glass Lid)",,1368,2038.32
"66902 (Comodo Glass 18oz Square Food Storage, White-Glass Lid)",,,
"JCS655681","JC Sales",2304,3916.80
"Total 66902 (Comodo Glass 18oz Square Food Storage, White-Glass Lid)",,2304,3916.80
"66903 (Comodo Glass 27oz Square Food Storage, White-Glass Lid)",,,
"JCS655681","JC Sales",3456,7153.92
"Total 66903 (Comodo Glass 27oz Square Food Storage, White-Glass Lid)",,3456,7153.92
"66904 (Comodo Glass 13oz Rectangular Food Storage, White-Glass Lid)",,,
"JCS655681","JC Sales",2304,3640.32
"Total 66904 (Comodo Glass 13oz Rectangular Food Storage, White-Glass Lid)",,2304,3640.32
"66905 (Comodo Glass 20oz Rectangular Food Storage, White-Glass Lid)",,,
"JCS655681","JC Sales",1368,2612.88
"Total 66905 (Comodo Glass 20oz Rectangular Food Storage, White-Glass Lid)",,1368,2612.88
"66906 (Comodo Glass 34oz Rectangular Food Storage, White-Glass Lid)",,,
"JCS655681","JC Sales",2880,7344.00
"Total 66906 (Comodo Glass 34oz Rectangular Food Storage, White-Glass Lid)",,2880,7344.00
"66908 (Wavy Glass 51 oz Rectangular Food Storage 2P sets - Sage)",,,
"MAR01002663","TJX - Marshalls:TJX-Marshalls-01",448,2217.60
"MAR04002663","TJX - Marshalls:TJX-Marshalls-04",300,1485.00
"MAR06002663","TJX - Marshalls:TJX-Marshalls-06",360,1782.00
"MAR07002663","TJX - Marshalls:TJX-Marshalls-07",116,574.20
"MAR08002663","TJX - Marshalls:TJX-Marshalls-08",496,2455.20
"TJX10002664","TJX - TJ Maxx:TJX-TJ Maxx-10",460,2277.00
"TJX40002664","TJX - TJ Maxx:TJX-TJ Maxx-40",576,2851.20
"TJX60002664","TJX - TJ Maxx:TJX-TJ Maxx-60",260,1287.00
"TJX80002664","TJX - TJ Maxx:TJX-TJ Maxx-80",800,3960.00
"MAR01002662","TJX - Marshalls:TJX-Marshalls-01",468,2316.60
"MAR04002662","TJX - Marshalls:TJX-Marshalls-04",184,910.80
"MAR06002662","TJX - Marshalls:TJX-Marshalls-06",316,1564.20
"MAR08002662","TJX - Marshalls:TJX-Marshalls-08",752,3722.40
"TJX10002669","TJX - TJ Maxx:TJX-TJ Maxx-10",336,1663.20
"TJX40002669","TJX - TJ Maxx:TJX-TJ Maxx-40",412,2039.40
"TJX60002669","TJX - TJ Maxx:TJX-TJ Maxx-60",392,1940.40
"TJX70002669","TJX - TJ Maxx:TJX-TJ Maxx-70",528,2613.60
"TJX80002669","TJX - TJ Maxx:TJX-TJ Maxx-80",428,2118.60
"MAR01020921","TJX - Marshalls:TJX-Marshalls-01",284,1405.80
"MAR04020921","TJX - Marshalls:TJX-Marshalls-04",192,950.40
"MAR06020921","TJX - Marshalls:TJX-Marshalls-06",260,1287.00
"MAR07020921","TJX - Marshalls:TJX-Marshalls-07",260,1287.00
"MAR08020921","TJX - Marshalls:TJX-Marshalls-08",252,1247.40
"MAR01020920","TJX - Marshalls:TJX-Marshalls-01",300,1485.00
"MAR04020920","TJX - Marshalls:TJX-Marshalls-04",200,990.00
"MAR06020920","TJX - Marshalls:TJX-Marshalls-06",248,1227.60
"MAR07020920","TJX - Marshalls:TJX-Marshalls-07",224,1108.80
"MAR08020920","TJX - Marshalls:TJX-Marshalls-08",276,1366.20
"TJX10020922","TJX - TJ Maxx:TJX-TJ Maxx-10",168,831.60
"TJX40020922","TJX - TJ Maxx:TJX-TJ Maxx-40",192,950.40
"TJX60020922","TJX - TJ Maxx:TJX-TJ Maxx-60",200,990.00
"TJX70020922","TJX - TJ Maxx:TJX-TJ Maxx-70",268,1326.60
"TJX80020922","TJX - TJ Maxx:TJX-TJ Maxx-80",192,950.40
"TJX10020923","TJX - TJ Maxx:TJX-TJ Maxx-10",176,871.20
"TJX40020923","TJX - TJ Maxx:TJX-TJ Maxx-40",184,910.80
"TJX60020923","TJX - TJ Maxx:TJX-TJ Maxx-60",192,950.40
"TJX70020923","TJX - TJ Maxx:TJX-TJ Maxx-70",268,1326.60
"TJX80020923","TJX - TJ Maxx:TJX-TJ Maxx-80",200,990.00
"Total 66908 (Wavy Glass 51 oz Rectangular Food Storage 2P sets - Sage)",,12168,60231.60
"66950 (Cloc Glass Divider 2pc 34oz Rectangular FS w Tinted Lid - Lt Grey)",,,
"MAR01033820","TJX - Marshalls:TJX-Marshalls-01",260,1307.80
"MAR04033820","TJX - Marshalls:TJX-Marshalls-04",176,885.28
"MAR06033820","TJX - Marshalls:TJX-Marshalls-06",200,1006.00
"MAR07033820","TJX - Marshalls:TJX-Marshalls-07",204,1026.12
"MAR08033820","TJX - Marshalls:TJX-Marshalls-08",256,1287.68
"TJX10033860","TJX - TJ Maxx:TJX-TJ Maxx-10",212,1066.36
"TJX40033860","TJX - TJ Maxx:TJX-TJ Maxx-40",248,1247.44
"TJX60033860","TJX - TJ Maxx:TJX-TJ Maxx-60",264,1327.92
"TJX70033860","TJX - TJ Maxx:TJX-TJ Maxx-70",360,1810.80
"TJX80033860","TJX - TJ Maxx:TJX-TJ Maxx-80",248,1247.44
"Total 66950 (Cloc Glass Divider 2pc 34oz Rectangular FS w Tinted Lid - Lt Grey)",,2428,12212.84
"66965 (Comodo Glass 27oz Square 2pc Food Storage - Ivory  )",,,
"MAR04023373","TJX - Marshalls:TJX-Marshalls-04",212,896.76
"MAR01033848","TJX - Marshalls:TJX-Marshalls-01",112,473.76
"MAR04033848","TJX - Marshalls:TJX-Marshalls-04",272,1150.56
"MAR06033848","TJX - Marshalls:TJX-Marshalls-06",328,1387.44
"MAR07033848","TJX - Marshalls:TJX-Marshalls-07",276,1167.48
"MAR08033848","TJX - Marshalls:TJX-Marshalls-08",208,879.84
"TJX10033863","TJX - TJ Maxx:TJX-TJ Maxx-01",232,981.36
"TJX40033863","TJX - TJ Maxx:TJX-TJ Maxx-04",272,1150.56
"TJX60033863","TJX - TJ Maxx:TJX-TJ Maxx-06",288,1218.24
"TJX70033863","TJX - TJ Maxx:TJX-TJ Maxx-07",392,1658.16
"TJX80033863","TJX - TJ Maxx:TJX-TJ Maxx-08",276,1167.48
"Total 66965 (Comodo Glass 27oz Square 2pc Food Storage - Ivory  )",,2868,12131.64
"66967 (Comodo Glass 51oz Rectangular 2pc Food Storage - Ivory  )",,,
"MAR04023373","TJX - Marshalls:TJX-Marshalls-04",212,1312.28
"MAR01033822","TJX - Marshalls:TJX-Marshalls-01",108,668.52
"MAR04033822","TJX - Marshalls:TJX-Marshalls-04",164,1015.16
"MAR06033822","TJX - Marshalls:TJX-Marshalls-06",192,1188.48
"MAR07033822","TJX - Marshalls:TJX-Marshalls-07",184,1138.96
"MAR08033822","TJX - Marshalls:TJX-Marshalls-08",216,1337.04
"TJX10033861","TJX - TJ Maxx:TJX-TJ Maxx-10",112,693.28
"TJX40033861","TJX - TJ Maxx:TJX-TJ Maxx-40",144,891.36
"TJX60033861","TJX - TJ Maxx:TJX-TJ Maxx-60",340,2104.60
"TJX70033861","TJX - TJ Maxx:TJX-TJ Maxx-70",264,1634.16
"TJX80033861","TJX - TJ Maxx:TJX-TJ Maxx-80",268,1658.92
"Total 66967 (Comodo Glass 51oz Rectangular 2pc Food Storage - Ivory  )",,2204,13642.76
"67014 (Wavy Glass 27 oz Square Food Storage 2P sets -  Butter Yellow)",,,
"MAR01033810","TJX - Marshalls:TJX-Marshalls-01",92,337.64
"MAR04033810","TJX - Marshalls:TJX-Marshalls-04",92,337.64
"MAR06033810","TJX - Marshalls:TJX-Marshalls-06",112,411.04
"MAR07033810","TJX - Marshalls:TJX-Marshalls-07",112,411.04
"MAR08033810","TJX - Marshalls:TJX-Marshalls-08",140,513.80
"TJX10033853","TJX - TJ Maxx:TJX-TJ Maxx-10",104,381.68
"TJX40033853","TJX - TJ Maxx:TJX-TJ Maxx-40",120,440.40
"TJX60033853","TJX - TJ Maxx:TJX-TJ Maxx-60",132,484.44
"TJX70033853","TJX - TJ Maxx:TJX-TJ Maxx-70",184,675.28
"TJX80033853","TJX - TJ Maxx:TJX-TJ Maxx-80",124,455.08
"Total 67014 (Wavy Glass 27 oz Square Food Storage 2P sets -  Butter Yellow)",,1212,4448.04
"67015 (Wavy Glass 21 oz Rectangular Food Storage 2P sets - Butter Yellow)",,,
"MAR01033810","TJX - Marshalls:TJX-Marshalls-01",92,292.56
"MAR04033810","TJX - Marshalls:TJX-Marshalls-04",96,305.28
"MAR06033810","TJX - Marshalls:TJX-Marshalls-06",112,356.16
"MAR07033810","TJX - Marshalls:TJX-Marshalls-07",108,343.44
"MAR08033810","TJX - Marshalls:TJX-Marshalls-08",140,445.20
"TJX10033853","TJX - TJ Maxx:TJX-TJ Maxx-10",104,330.72
"TJX40033853","TJX - TJ Maxx:TJX-TJ Maxx-40",124,394.32
"TJX60033853","TJX - TJ Maxx:TJX-TJ Maxx-60",132,419.76
"TJX70033853","TJX - TJ Maxx:TJX-TJ Maxx-70",180,572.40
"TJX80033853","TJX - TJ Maxx:TJX-TJ Maxx-80",124,394.32
"Total 67015 (Wavy Glass 21 oz Rectangular Food Storage 2P sets - Butter Yellow)",,1212,3854.16
"67016 (Wavy Glass 34 oz Rectangular Food Storage 2P sets -  Butter Yellow)",,,
"MAR01033820","TJX - Marshalls:TJX-Marshalls-01",132,545.16
"MAR04033820","TJX - Marshalls:TJX-Marshalls-04",84,346.92
"MAR06033820","TJX - Marshalls:TJX-Marshalls-06",100,413.00
"MAR07033820","TJX - Marshalls:TJX-Marshalls-07",104,429.52
"MAR08033820","TJX - Marshalls:TJX-Marshalls-08",128,528.64
"TJX10033860","TJX - TJ Maxx:TJX-TJ Maxx-10",104,429.52
"TJX40033860","TJX - TJ Maxx:TJX-TJ Maxx-40",124,512.12
"TJX60033860","TJX - TJ Maxx:TJX-TJ Maxx-60",132,545.16
"TJX70033860","TJX - TJ Maxx:TJX-TJ Maxx-70",180,743.40
"TJX80033860","TJX - TJ Maxx:TJX-TJ Maxx-80",124,512.12
"MAR01020921","TJX - Marshalls:TJX-Marshalls-01",92,379.96
"MAR04020921","TJX - Marshalls:TJX-Marshalls-04",64,264.32
"MAR06020921","TJX - Marshalls:TJX-Marshalls-06",88,363.44
"MAR07020921","TJX - Marshalls:TJX-Marshalls-07",88,363.44
"MAR08020921","TJX - Marshalls:TJX-Marshalls-08",84,346.92
"MAR01020920","TJX - Marshalls:TJX-Marshalls-01",100,413.00
"MAR04020920","TJX - Marshalls:TJX-Marshalls-04",64,264.32
"MAR06020920","TJX - Marshalls:TJX-Marshalls-06",84,346.92
"MAR07020920","TJX - Marshalls:TJX-Marshalls-07",76,313.88
"MAR08020920","TJX - Marshalls:TJX-Marshalls-08",92,379.96
"TJX10020922","TJX - TJ Maxx:TJX-TJ Maxx-10",124,512.12
"TJX70020922","TJX - TJ Maxx:TJX-TJ Maxx-70",88,363.44
"TJX80020922","TJX - TJ Maxx:TJX-TJ Maxx-80",128,528.64
"TJX60020923","TJX - TJ Maxx:TJX-TJ Maxx-60",124,512.12
"TJX70020923","TJX - TJ Maxx:TJX-TJ Maxx-70",88,363.44
"TJX80020923","TJX - TJ Maxx:TJX-TJ Maxx-80",128,528.64
"Total 67016 (Wavy Glass 34 oz Rectangular Food Storage 2P sets -  Butter Yellow)",,2724,11250.12
"67017 (Wavy Glass 51 oz Rectangular Food Storage 2P sets -  Butter Yellow)",,,
"MAR01020921","TJX - Marshalls:TJX-Marshalls-01",140,693.00
"MAR04020921","TJX - Marshalls:TJX-Marshalls-04",96,475.20
"MAR06020921","TJX - Marshalls:TJX-Marshalls-06",132,653.40
"MAR07020921","TJX - Marshalls:TJX-Marshalls-07",132,653.40
"MAR08020921","TJX - Marshalls:TJX-Marshalls-08",128,633.60
"MAR01020920","TJX - Marshalls:TJX-Marshalls-01",152,752.40
"MAR04020920","TJX - Marshalls:TJX-Marshalls-04",100,495.00
"MAR06020920","TJX - Marshalls:TJX-Marshalls-06",124,613.80
"MAR07020920","TJX - Marshalls:TJX-Marshalls-07",112,554.40
"MAR08020920","TJX - Marshalls:TJX-Marshalls-08",140,693.00
"TJX10020922","TJX - TJ Maxx:TJX-TJ Maxx-10",80,396.00
"TJX40020922","TJX - TJ Maxx:TJX-TJ Maxx-40",96,475.20
"TJX60020922","TJX - TJ Maxx:TJX-TJ Maxx-60",104,514.80
"TJX70020922","TJX - TJ Maxx:TJX-TJ Maxx-70",132,653.40
"TJX80020922","TJX - TJ Maxx:TJX-TJ Maxx-80",96,475.20
"TJX10020923","TJX - TJ Maxx:TJX-TJ Maxx-10",84,415.80
"TJX40020923","TJX - TJ Maxx:TJX-TJ Maxx-40",92,455.40
"TJX60020923","TJX - TJ Maxx:TJX-TJ Maxx-60",96,475.20
"TJX70020923","TJX - TJ Maxx:TJX-TJ Maxx-70",136,673.20
"TJX80020923","TJX - TJ Maxx:TJX-TJ Maxx-80",100,495.00
"Total 67017 (Wavy Glass 51 oz Rectangular Food Storage 2P sets -  Butter Yellow)",,2272,11246.40
"67018 (Wavy Glass 27 oz Square Food Storage 2P sets - Rose Pink)",,,
"MAR01033810","TJX - Marshalls:TJX-Marshalls-01",184,675.28
"MAR04033810","TJX - Marshalls:TJX-Marshalls-04",188,689.96
"MAR06033810","TJX - Marshalls:TJX-Marshalls-06",224,822.08
"MAR07033810","TJX - Marshalls:TJX-Marshalls-07",220,807.40
"MAR08033810","TJX - Marshalls:TJX-Marshalls-08",280,1027.60
"MAR01033822","TJX - Marshalls:TJX-Marshalls-01",152,557.84
"MAR04033822","TJX - Marshalls:TJX-Marshalls-04",228,836.76
"MAR06033822","TJX - Marshalls:TJX-Marshalls-06",268,983.56
"MAR07033822","TJX - Marshalls:TJX-Marshalls-07",256,939.52
"MAR08033822","TJX - Marshalls:TJX-Marshalls-08",304,1115.68
"TJX10033861","TJX - TJ Maxx:TJX-TJ Maxx-10",136,499.12
"TJX40033861","TJX - TJ Maxx:TJX-TJ Maxx-40",184,675.28
"TJX60033861","TJX - TJ Maxx:TJX-TJ Maxx-60",440,1614.80
"TJX70033861","TJX - TJ Maxx:TJX-TJ Maxx-70",344,1262.48
"TJX80033861","TJX - TJ Maxx:TJX-TJ Maxx-80",344,1262.48
"TJX10033853","TJX - TJ Maxx:TJX-TJ Maxx-10",212,778.04
"TJX40033853","TJX - TJ Maxx:TJX-TJ Maxx-40",248,910.16
"TJX60033853","TJX - TJ Maxx:TJX-TJ Maxx-60",260,954.20
"TJX70033853","TJX - TJ Maxx:TJX-TJ Maxx-70",360,1321.20
"TJX80033853","TJX - TJ Maxx:TJX-TJ Maxx-80",252,924.84
"MAR01020921","TJX - Marshalls:TJX-Marshalls-01",188,689.96
"MAR04020921","TJX - Marshalls:TJX-Marshalls-04",128,469.76
"MAR06020921","TJX - Marshalls:TJX-Marshalls-06",176,645.92
"MAR07020921","TJX - Marshalls:TJX-Marshalls-07",172,631.24
"MAR08020921","TJX - Marshalls:TJX-Marshalls-08",168,616.56
"MAR01020920","TJX - Marshalls:TJX-Marshalls-01",200,734.00
"MAR04020920","TJX - Marshalls:TJX-Marshalls-04",132,484.44
"MAR06020920","TJX - Marshalls:TJX-Marshalls-06",168,616.56
"MAR07020920","TJX - Marshalls:TJX-Marshalls-07",148,543.16
"MAR08020920","TJX - Marshalls:TJX-Marshalls-08",184,675.28
"TJX10020922","TJX - TJ Maxx:TJX-TJ Maxx-10",112,411.04
"TJX40020922","TJX - TJ Maxx:TJX-TJ Maxx-40",128,469.76
"TJX60020922","TJX - TJ Maxx:TJX-TJ Maxx-60",136,499.12
"TJX70020922","TJX - TJ Maxx:TJX-TJ Maxx-70",176,645.92
"TJX80020922","TJX - TJ Maxx:TJX-TJ Maxx-80",128,469.76
"TJX10020923","TJX - TJ Maxx:TJX-TJ Maxx-10",116,425.72
"TJX40020923","TJX - TJ Maxx:TJX-TJ Maxx-40",124,455.08
"TJX60020923","TJX - TJ Maxx:TJX-TJ Maxx-60",128,469.76
"TJX70020923","TJX - TJ Maxx:TJX-TJ Maxx-70",180,660.60
"TJX80020923","TJX - TJ Maxx:TJX-TJ Maxx-80",132,484.44
"Total 67018 (Wavy Glass 27 oz Square Food Storage 2P sets - Rose Pink)",,8108,29756.36
"67020 (Wavy Glass 34 oz Rectangular Food Storage 2P sets - Rose Pink)",,,
"MAR01033810","TJX - Marshalls:TJX-Marshalls-01",184,759.92
"MAR04033810","TJX - Marshalls:TJX-Marshalls-04",188,776.44
"MAR06033810","TJX - Marshalls:TJX-Marshalls-06",224,925.12
"MAR07033810","TJX - Marshalls:TJX-Marshalls-07",220,908.60
"MAR08033810","TJX - Marshalls:TJX-Marshalls-08",280,1156.40
"MAR01033822","TJX - Marshalls:TJX-Marshalls-01",152,627.76
"MAR04033822","TJX - Marshalls:TJX-Marshalls-04",228,941.64
"MAR06033822","TJX - Marshalls:TJX-Marshalls-06",268,1106.84
"MAR07033822","TJX - Marshalls:TJX-Marshalls-07",256,1057.28
"MAR08033822","TJX - Marshalls:TJX-Marshalls-08",304,1255.52
"TJX10033861","TJX - TJ Maxx:TJX-TJ Maxx-10",136,561.68
"TJX40033861","TJX - TJ Maxx:TJX-TJ Maxx-40",184,759.92
"TJX60033861","TJX - TJ Maxx:TJX-TJ Maxx-60",440,1817.20
"TJX70033861","TJX - TJ Maxx:TJX-TJ Maxx-70",344,1420.72
"TJX80033861","TJX - TJ Maxx:TJX-TJ Maxx-80",344,1420.72
"TJX10033853","TJX - TJ Maxx:TJX-TJ Maxx-10",212,875.56
"TJX40033853","TJX - TJ Maxx:TJX-TJ Maxx-40",248,1024.24
"TJX60033853","TJX - TJ Maxx:TJX-TJ Maxx-60",260,1073.80
"TJX70033853","TJX - TJ Maxx:TJX-TJ Maxx-70",360,1486.80
"TJX80033853","TJX - TJ Maxx:TJX-TJ Maxx-80",252,1040.76
"MAR01020921","TJX - Marshalls:TJX-Marshalls-01",188,776.44
"MAR04020921","TJX - Marshalls:TJX-Marshalls-04",128,528.64
"MAR06020921","TJX - Marshalls:TJX-Marshalls-06",176,726.88
"MAR07020921","TJX - Marshalls:TJX-Marshalls-07",172,710.36
"MAR08020921","TJX - Marshalls:TJX-Marshalls-08",168,693.84
"MAR01020920","TJX - Marshalls:TJX-Marshalls-01",200,826.00
"MAR04020920","TJX - Marshalls:TJX-Marshalls-04",132,545.16
"MAR06020920","TJX - Marshalls:TJX-Marshalls-06",168,693.84
"MAR07020920","TJX - Marshalls:TJX-Marshalls-07",148,611.24
"MAR08020920","TJX - Marshalls:TJX-Marshalls-08",184,759.92
"TJX10020922","TJX - TJ Maxx:TJX-TJ Maxx-10",112,462.56
"TJX40020922","TJX - TJ Maxx:TJX-TJ Maxx-40",128,528.64
"TJX60020922","TJX - TJ Maxx:TJX-TJ Maxx-60",136,561.68
"TJX70020922","TJX - TJ Maxx:TJX-TJ Maxx-70",176,726.88
"TJX80020922","TJX - TJ Maxx:TJX-TJ Maxx-80",128,528.64
"TJX10020923","TJX - TJ Maxx:TJX-TJ Maxx-10",116,479.08
"TJX40020923","TJX - TJ Maxx:TJX-TJ Maxx-40",124,512.12
"TJX60020923","TJX - TJ Maxx:TJX-TJ Maxx-60",128,528.64
"TJX70020923","TJX - TJ Maxx:TJX-TJ Maxx-70",180,743.40
"TJX80020923","TJX - TJ Maxx:TJX-TJ Maxx-80",132,545.16
"Total 67020 (Wavy Glass 34 oz Rectangular Food Storage 2P sets - Rose Pink)",,8108,33486.04
"67021 (Wavy Glass 51 oz Rectangular Food Storage 2P sets - Rose Pink)",,,
"MAR01020921","TJX - Marshalls:TJX-Marshalls-01",188,930.60
"MAR04020921","TJX - Marshalls:TJX-Marshalls-04",128,633.60
"MAR06020921","TJX - Marshalls:TJX-Marshalls-06",176,871.20
"MAR07020921","TJX - Marshalls:TJX-Marshalls-07",172,851.40
"MAR08020921","TJX - Marshalls:TJX-Marshalls-08",168,831.60
"MAR01020920","TJX - Marshalls:TJX-Marshalls-01",204,1009.80
"MAR04020920","TJX - Marshalls:TJX-Marshalls-04",132,653.40
"MAR06020920","TJX - Marshalls:TJX-Marshalls-06",164,811.80
"MAR07020920","TJX - Marshalls:TJX-Marshalls-07",148,732.60
"MAR08020920","TJX - Marshalls:TJX-Marshalls-08",184,910.80
"TJX10020922","TJX - TJ Maxx:TJX-TJ Maxx-10",104,514.80
"TJX40020922","TJX - TJ Maxx:TJX-TJ Maxx-40",128,633.60
"TJX60020922","TJX - TJ Maxx:TJX-TJ Maxx-60",136,673.20
"TJX70020922","TJX - TJ Maxx:TJX-TJ Maxx-70",180,891.00
"TJX80020922","TJX - TJ Maxx:TJX-TJ Maxx-80",132,653.40
"TJX10020923","TJX - TJ Maxx:TJX-TJ Maxx-10",112,554.40
"TJX40020923","TJX - TJ Maxx:TJX-TJ Maxx-40",124,613.80
"TJX60020923","TJX - TJ Maxx:TJX-TJ Maxx-60",132,653.40
"TJX70020923","TJX - TJ Maxx:TJX-TJ Maxx-70",180,891.00
"TJX80020923","TJX - TJ Maxx:TJX-TJ Maxx-80",132,653.40
"Total 67021 (Wavy Glass 51 oz Rectangular Food Storage 2P sets - Rose Pink)",,3024,14968.80
"67024 (Wavy Glass 27 oz Square Food Storage 3P sets - Blue)",,,
"MAR01033810","TJX - Marshalls:TJX-Marshalls-01",136,716.72
"MAR04033810","TJX - Marshalls:TJX-Marshalls-04",144,758.88
"MAR06033810","TJX - Marshalls:TJX-Marshalls-06",168,885.36
"MAR07033810","TJX - Marshalls:TJX-Marshalls-07",164,864.28
"MAR08033810","TJX - Marshalls:TJX-Marshalls-08",208,1096.16
"TJX10033853","TJX - TJ Maxx:TJX-TJ Maxx-10",160,843.20
"TJX40033853","TJX - TJ Maxx:TJX-TJ Maxx-40",184,969.68
"TJX60033853","TJX - TJ Maxx:TJX-TJ Maxx-60",196,1032.92
"TJX70033853","TJX - TJ Maxx:TJX-TJ Maxx-70",272,1433.44
"TJX80033853","TJX - TJ Maxx:TJX-TJ Maxx-80",188,990.76
"MAR01002663","TJX - Marshalls:TJX-Marshalls-01",1116,5635.80
"MAR04002663","TJX - Marshalls:TJX-Marshalls-04",748,3777.40
"MAR06002663","TJX - Marshalls:TJX-Marshalls-06",900,4545.00
"MAR07002663","TJX - Marshalls:TJX-Marshalls-07",288,1454.40
"MAR08002663","TJX - Marshalls:TJX-Marshalls-08",1248,6302.40
"TJX10002664","TJX - TJ Maxx:TJX-TJ Maxx-10",944,4767.20
"TJX40002664","TJX - TJ Maxx:TJX-TJ Maxx-40",1176,5938.80
"TJX60002664","TJX - TJ Maxx:TJX-TJ Maxx-60",536,2706.80
"TJX80002664","TJX - TJ Maxx:TJX-TJ Maxx-80",1644,8302.20
"MAR01002662","TJX - Marshalls:TJX-Marshalls-01",248,1252.40
"MAR04002662","TJX - Marshalls:TJX-Marshalls-04",132,666.60
"MAR06002662","TJX - Marshalls:TJX-Marshalls-06",180,909.00
"MAR08002662","TJX - Marshalls:TJX-Marshalls-08",440,2222.00
"TJX10002669","TJX - TJ Maxx:TJX-TJ Maxx-10",164,828.20
"TJX40002669","TJX - TJ Maxx:TJX-TJ Maxx-40",196,989.80
"TJX60002669","TJX - TJ Maxx:TJX-TJ Maxx-60",184,929.20
"TJX70002669","TJX - TJ Maxx:TJX-TJ Maxx-70",252,1272.60
"TJX80002669","TJX - TJ Maxx:TJX-TJ Maxx-80",204,1030.20
"Total 67024 (Wavy Glass 27 oz Square Food Storage 3P sets - Blue)",,12420,63121.40
"67027 (Cloc Glass 2pc 27oz Square FS w Tinted Lid - Green)",,,
"MAR01033820","TJX - Marshalls:TJX-Marshalls-01",392,1277.92
"MAR04033820","TJX - Marshalls:TJX-Marshalls-04",260,847.60
"MAR06033820","TJX - Marshalls:TJX-Marshalls-06",300,978.00
"MAR07033820","TJX - Marshalls:TJX-Marshalls-07",304,991.04
"MAR08033820","TJX - Marshalls:TJX-Marshalls-08",384,1251.84
"TJX10033860","TJX - TJ Maxx:TJX-TJ Maxx-10",320,1043.20
"TJX40033860","TJX - TJ Maxx:TJX-TJ Maxx-40",372,1212.72
"TJX60033860","TJX - TJ Maxx:TJX-TJ Maxx-60",392,1277.92
"TJX70033860","TJX - TJ Maxx:TJX-TJ Maxx-70",540,1760.40
"TJX80033860","TJX - TJ Maxx:TJX-TJ Maxx-80",376,1225.76
"Total 67027 (Cloc Glass 2pc 27oz Square FS w Tinted Lid - Green)",,3640,11866.40
"67028 (Cloc Glass 2pc 21oz Rectangular FS w Tinted Lid - Green)",,,
"MAR01033810","TJX - Marshalls:TJX-Marshalls-01",184,540.96
"MAR04033810","TJX - Marshalls:TJX-Marshalls-04",188,552.72
"MAR06033810","TJX - Marshalls:TJX-Marshalls-06",224,658.56
"MAR07033810","TJX - Marshalls:TJX-Marshalls-07",220,646.80
"MAR08033810","TJX - Marshalls:TJX-Marshalls-08",280,823.20
"TJX10033853","TJX - TJ Maxx:TJX-TJ Maxx-10",212,623.28
"TJX40033853","TJX - TJ Maxx:TJX-TJ Maxx-40",248,729.12
"TJX60033853","TJX - TJ Maxx:TJX-TJ Maxx-60",260,764.40
"TJX70033853","TJX - TJ Maxx:TJX-TJ Maxx-70",360,1058.40
"TJX80033853","TJX - TJ Maxx:TJX-TJ Maxx-80",252,740.88
"Total 67028 (Cloc Glass 2pc 21oz Rectangular FS w Tinted Lid - Green)",,2428,7138.32
"67031 (Fika one glass 2pc Rectangular 530ml (18oz) - Butter Yellow)",,,
"MAR04023373","TJX - Marshalls:TJX-Marshalls-04",108,587.52
"MAR01033822","TJX - Marshalls:TJX-Marshalls-01",76,413.44
"MAR04033822","TJX - Marshalls:TJX-Marshalls-04",112,609.28
"MAR06033822","TJX - Marshalls:TJX-Marshalls-06",132,718.08
"MAR07033822","TJX - Marshalls:TJX-Marshalls-07",128,696.32
"MAR08033822","TJX - Marshalls:TJX-Marshalls-08",152,826.88
"TJX40033861","TJX - TJ Maxx:TJX-TJ Maxx-40",92,500.48
"TJX60033861","TJX - TJ Maxx:TJX-TJ Maxx-60",272,1479.68
"TJX70033861","TJX - TJ Maxx:TJX-TJ Maxx-70",192,1044.48
"TJX80033861","TJX - TJ Maxx:TJX-TJ Maxx-80",172,935.68
"Total 67031 (Fika one glass 2pc Rectangular 530ml (18oz) - Butter Yellow)",,1436,7811.84
"67032 (Fika one glass 2pc Square 930ml (31 oz) -Butter Yellow)",,,
"MAR04023373","TJX - Marshalls:TJX-Marshalls-04",104,660.40
"Total 67032 (Fika one glass 2pc Square 930ml (31 oz) -Butter Yellow)",,104,660.40
"67033 (Fika one glass 2pc Rectangular 1300ml (44oz) - Butter Yellow)",,,
"MAR04023373","TJX - Marshalls:TJX-Marshalls-04",160,1164.80
"MAR01033822","TJX - Marshalls:TJX-Marshalls-01",72,524.16
"MAR04033822","TJX - Marshalls:TJX-Marshalls-04",108,786.24
"MAR06033822","TJX - Marshalls:TJX-Marshalls-06",124,902.72
"MAR07033822","TJX - Marshalls:TJX-Marshalls-07",120,873.60
"MAR08033822","TJX - Marshalls:TJX-Marshalls-08",144,1048.32
"TJX40033861","TJX - TJ Maxx:TJX-TJ Maxx-40",96,698.88
"TJX60033861","TJX - TJ Maxx:TJX-TJ Maxx-60",228,1659.84
"TJX70033861","TJX - TJ Maxx:TJX-TJ Maxx-70",256,1863.68
"TJX80033861","TJX - TJ Maxx:TJX-TJ Maxx-80",180,1310.40
"Total 67033 (Fika one glass 2pc Rectangular 1300ml (44oz) - Butter Yellow)",,1488,10832.64
"67036 (Fika one glass 2pc Square 930ml (31 oz) - Pink)",,,
"MAR04023373","TJX - Marshalls:TJX-Marshalls-04",212,1346.20
"MAR01033822","TJX - Marshalls:TJX-Marshalls-01",108,685.80
"MAR04033822","TJX - Marshalls:TJX-Marshalls-04",164,1041.40
"MAR06033822","TJX - Marshalls:TJX-Marshalls-06",192,1219.20
"MAR07033822","TJX - Marshalls:TJX-Marshalls-07",184,1168.40
"MAR08033822","TJX - Marshalls:TJX-Marshalls-08",216,1371.60
"TJX10033861","TJX - TJ Maxx:TJX-TJ Maxx-10",112,711.20
"TJX40033861","TJX - TJ Maxx:TJX-TJ Maxx-40",144,914.40
"TJX60033861","TJX - TJ Maxx:TJX-TJ Maxx-60",340,2159.00
"TJX70033861","TJX - TJ Maxx:TJX-TJ Maxx-70",264,1676.40
"TJX80033861","TJX - TJ Maxx:TJX-TJ Maxx-80",268,1701.80
"Total 67036 (Fika one glass 2pc Square 930ml (31 oz) - Pink)",,2204,13995.40
"67037 (Fika one glass 2pc Rectangular 1300ml (44oz) - Pink)",,,
"MAR04023373","TJX - Marshalls:TJX-Marshalls-04",212,1543.36
"Total 67037 (Fika one glass 2pc Rectangular 1300ml (44oz) - Pink)",,212,1543.36
"67038 (Fika one glass 2pc Rectangular 1600ml (54oz) - Pink)",,,
"MAR04023373","TJX - Marshalls:TJX-Marshalls-04",160,1328.00
"MAR01033848","TJX - Marshalls:TJX-Marshalls-01",112,929.60
"MAR04033848","TJX - Marshalls:TJX-Marshalls-04",272,2257.60
"MAR06033848","TJX - Marshalls:TJX-Marshalls-06",328,2722.40
"MAR07033848","TJX - Marshalls:TJX-Marshalls-07",276,2290.80
"MAR08033848","TJX - Marshalls:TJX-Marshalls-08",208,1726.40
"TJX10033863","TJX - TJ Maxx:TJX-TJ Maxx-01",236,1958.80
"TJX40033863","TJX - TJ Maxx:TJX-TJ Maxx-04",272,2257.60
"TJX60033863","TJX - TJ Maxx:TJX-TJ Maxx-06",288,2390.40
"TJX70033863","TJX - TJ Maxx:TJX-TJ Maxx-07",392,3253.60
"TJX80033863","TJX - TJ Maxx:TJX-TJ Maxx-08",272,2257.60
"Total 67038 (Fika one glass 2pc Rectangular 1600ml (54oz) - Pink)",,2816,23372.80
"67039 (Wavy Glass 21 oz Rectangular Food Storage 2P sets - Rose Pink  )",,,
"MAR01002663","TJX - Marshalls:TJX-Marshalls-01",824,2513.20
"MAR04002663","TJX - Marshalls:TJX-Marshalls-04",552,1683.60
"MAR06002663","TJX - Marshalls:TJX-Marshalls-06",664,2025.20
"MAR07002663","TJX - Marshalls:TJX-Marshalls-07",216,658.80
"MAR08002663","TJX - Marshalls:TJX-Marshalls-08",924,2818.20
"TJX10002664","TJX - TJ Maxx:TJX-TJ Maxx-10",700,2135.00
"TJX40002664","TJX - TJ Maxx:TJX-TJ Maxx-40",868,2647.40
"TJX60002664","TJX - TJ Maxx:TJX-TJ Maxx-60",396,1207.80
"TJX80002664","TJX - TJ Maxx:TJX-TJ Maxx-80",1216,3708.80
"Total 67039 (Wavy Glass 21 oz Rectangular Food Storage 2P sets - Rose Pink  )",,6360,19398.00
"67041 (Comodo Glass 34oz Rectangular 2pc Food Storage - Mint Sage)",,,
"MAR04023373","TJX - Marshalls:TJX-Marshalls-04",212,1072.72
"MAR01033848","TJX - Marshalls:TJX-Marshalls-01",112,504.00
"MAR04033848","TJX - Marshalls:TJX-Marshalls-04",272,1224.00
"MAR06033848","TJX - Marshalls:TJX-Marshalls-06",328,1476.00
"MAR07033848","TJX - Marshalls:TJX-Marshalls-07",276,1242.00
"MAR08033848","TJX - Marshalls:TJX-Marshalls-08",208,936.00
"TJX10033863","TJX - TJ Maxx:TJX-TJ Maxx-01",232,1044.00
"TJX40033863","TJX - TJ Maxx:TJX-TJ Maxx-04",272,1224.00
"TJX60033863","TJX - TJ Maxx:TJX-TJ Maxx-06",288,1296.00
"TJX70033863","TJX - TJ Maxx:TJX-TJ Maxx-07",392,1764.00
"TJX80033863","TJX - TJ Maxx:TJX-TJ Maxx-08",276,1242.00
"Total 67041 (Comodo Glass 34oz Rectangular 2pc Food Storage - Mint Sage)",,2868,13024.72
"67042 (Comodo Glass 51oz Rectangular 2pc Food Storage -  Mint Sage)",,,
"MAR04023373","TJX - Marshalls:TJX-Marshalls-04",212,1312.28
"MAR01033849","TJX - Marshalls:TJX-Marshalls-01",268,1658.92
"MAR04033849","TJX - Marshalls:TJX-Marshalls-04",188,1163.72
"MAR06033849","TJX - Marshalls:TJX-Marshalls-06",244,1510.36
"MAR07033849","TJX - Marshalls:TJX-Marshalls-07",220,1361.80
"MAR08033849","TJX - Marshalls:TJX-Marshalls-08",276,1708.44
"TJX10033881","TJX - TJ Maxx:TJX-TJ Maxx-10",232,1436.08
"TJX40033881","TJX - TJ Maxx:TJX-TJ Maxx-40",272,1683.68
"TJX60033881","TJX - TJ Maxx:TJX-TJ Maxx-60",284,1757.96
"TJX70033881","TJX - TJ Maxx:TJX-TJ Maxx-70",400,2476.00
"TJX80033881","TJX - TJ Maxx:TJX-TJ Maxx-80",272,1683.68
"Total 67042 (Comodo Glass 51oz Rectangular 2pc Food Storage -  Mint Sage)",,2868,17752.92
"67043 (Comodo Glass 17oz Square 2pc Food Storage - Blue)",,,
"MAR04023373","TJX - Marshalls:TJX-Marshalls-04",212,733.52
"MAR01033848","TJX - Marshalls:TJX-Marshalls-01",112,387.52
"MAR04033848","TJX - Marshalls:TJX-Marshalls-04",272,941.12
"MAR06033848","TJX - Marshalls:TJX-Marshalls-06",328,1134.88
"MAR07033848","TJX - Marshalls:TJX-Marshalls-07",276,954.96
"MAR08033848","TJX - Marshalls:TJX-Marshalls-08",208,719.68
"TJX10033863","TJX - TJ Maxx:TJX-TJ Maxx-01",232,802.72
"TJX40033863","TJX - TJ Maxx:TJX-TJ Maxx-04",272,941.12
"TJX60033863","TJX - TJ Maxx:TJX-TJ Maxx-06",288,996.48
"TJX70033863","TJX - TJ Maxx:TJX-TJ Maxx-07",392,1356.32
"TJX80033863","TJX - TJ Maxx:TJX-TJ Maxx-08",276,954.96
"Total 67043 (Comodo Glass 17oz Square 2pc Food Storage - Blue)",,2868,9923.28
"67045 (Comodo Glass 34oz Rectangular 2pc Food Storage - Blue)",,,
"MAR04023373","TJX - Marshalls:TJX-Marshalls-04",320,1619.20
"MAR01033849","TJX - Marshalls:TJX-Marshalls-01",400,1956.00
"MAR04033849","TJX - Marshalls:TJX-Marshalls-04",284,1388.76
"MAR06033849","TJX - Marshalls:TJX-Marshalls-06",368,1799.52
"MAR07033849","TJX - Marshalls:TJX-Marshalls-07",328,1603.92
"MAR08033849","TJX - Marshalls:TJX-Marshalls-08",412,2014.68
"TJX10033881","TJX - TJ Maxx:TJX-TJ Maxx-10",348,1701.72
"TJX40033881","TJX - TJ Maxx:TJX-TJ Maxx-40",412,2014.68
"TJX60033881","TJX - TJ Maxx:TJX-TJ Maxx-60",428,2092.92
"TJX70033881","TJX - TJ Maxx:TJX-TJ Maxx-70",596,2914.44
"TJX80033881","TJX - TJ Maxx:TJX-TJ Maxx-80",408,1995.12
"MAR01020921","TJX - Marshalls:TJX-Marshalls-01",92,449.88
"MAR04020921","TJX - Marshalls:TJX-Marshalls-04",64,312.96
"MAR06020921","TJX - Marshalls:TJX-Marshalls-06",88,430.32
"MAR07020921","TJX - Marshalls:TJX-Marshalls-07",88,430.32
"MAR08020921","TJX - Marshalls:TJX-Marshalls-08",84,410.76
"MAR01020920","TJX - Marshalls:TJX-Marshalls-01",100,489.00
"MAR04020920","TJX - Marshalls:TJX-Marshalls-04",64,312.96
"MAR06020920","TJX - Marshalls:TJX-Marshalls-06",84,410.76
"MAR07020920","TJX - Marshalls:TJX-Marshalls-07",76,371.64
"MAR08020920","TJX - Marshalls:TJX-Marshalls-08",92,449.88
"TJX40020922","TJX - TJ Maxx:TJX-TJ Maxx-40",128,625.92
"TJX60020922","TJX - TJ Maxx:TJX-TJ Maxx-60",124,606.36
"TJX70020922","TJX - TJ Maxx:TJX-TJ Maxx-70",88,430.32
"TJX10020923","TJX - TJ Maxx:TJX-TJ Maxx-10",124,606.36
"TJX40020923","TJX - TJ Maxx:TJX-TJ Maxx-40",128,625.92
"TJX70020923","TJX - TJ Maxx:TJX-TJ Maxx-70",88,430.32
"Total 67045 (Comodo Glass 34oz Rectangular 2pc Food Storage - Blue)",,5816,28494.64
"67047 (Fika one glass 2pc Rectangular 530ml (18oz) - Mint Sage)",,,
"MAR04023373","TJX - Marshalls:TJX-Marshalls-04",212,1153.28
"MAR01033848","TJX - Marshalls:TJX-Marshalls-01",112,609.28
"MAR04033848","TJX - Marshalls:TJX-Marshalls-04",272,1479.68
"MAR06033848","TJX - Marshalls:TJX-Marshalls-06",328,1784.32
"MAR07033848","TJX - Marshalls:TJX-Marshalls-07",276,1501.44
"MAR08033848","TJX - Marshalls:TJX-Marshalls-08",208,1131.52
"TJX10033863","TJX - TJ Maxx:TJX-TJ Maxx-01",232,1262.08
"TJX40033863","TJX - TJ Maxx:TJX-TJ Maxx-04",272,1479.68
"TJX60033863","TJX - TJ Maxx:TJX-TJ Maxx-06",288,1566.72
"TJX70033863","TJX - TJ Maxx:TJX-TJ Maxx-07",392,2132.48
"TJX80033863","TJX - TJ Maxx:TJX-TJ Maxx-08",276,1501.44
"Total 67047 (Fika one glass 2pc Rectangular 530ml (18oz) - Mint Sage)",,2868,15601.92
"67050 (Fika one glass 2pc Rectangular 1600ml (54oz) -  Mint Sage)",,,
"MAR04023373","TJX - Marshalls:TJX-Marshalls-04",212,1759.60
"MAR01033849","TJX - Marshalls:TJX-Marshalls-01",268,2224.40
"MAR04033849","TJX - Marshalls:TJX-Marshalls-04",188,1560.40
"MAR06033849","TJX - Marshalls:TJX-Marshalls-06",244,2025.20
"MAR07033849","TJX - Marshalls:TJX-Marshalls-07",220,1826.00
"MAR08033849","TJX - Marshalls:TJX-Marshalls-08",276,2290.80
"TJX10033881","TJX - TJ Maxx:TJX-TJ Maxx-10",232,1925.60
"TJX40033881","TJX - TJ Maxx:TJX-TJ Maxx-40",272,2257.60
"TJX60033881","TJX - TJ Maxx:TJX-TJ Maxx-60",288,2390.40
"TJX70033881","TJX - TJ Maxx:TJX-TJ Maxx-70",396,3286.80
"TJX80033881","TJX - TJ Maxx:TJX-TJ Maxx-80",272,2257.60
"Total 67050 (Fika one glass 2pc Rectangular 1600ml (54oz) -  Mint Sage)",,2868,23804.40
"Total Inventory",,165248,730988.48
"TOTAL",,165248,730988.48
